season,games,win_rate
2018,264,0.5984848484848485
2019,265,0.5207547169811321
2020,267,0.49812734082397003
2021,283,0.519434628975265
2022,281,0.5693950177935944
2023,284,0.5633802816901409
